id,name,age,gender,department,position,salary,email
1,Justin Webb,45,Female,Marketing,Specialist,47604.12,no email
3,Natalie Miller,61,Female,Engineering,Manager,55206.18,no email
4,Matthew Stafford,51,Female,Engineering,Coordinator,66491.68,no email
5,David Hansen,23,Female,Marketing,Coordinator,44793.63,no email
6,Anthony Cruz,26,Female,Finance,Coordinator,31057.66,no email
7,Michelle Prince,39,Male,Engineering,Manager,66526.07,no email
8,Richard Ford,42,Female,HR,Engineer,86849.69,no email
9,Amy Terry,26,Female,Finance,Engineer,101625.33,no email
10,Nicole Gordon,34,Female,HR,Analyst,31834.87,no email
11,Meghan Kelley,23,Male,Sales,Coordinator,85258.16,no email
12,Barry Greene,25,Female,HR,Engineer,84082.72,no email
13,Mr. Zachary Hall,62,Male,Engineering,Analyst,113010.72,no email
14,Christopher Kane,27,Male,Sales,Engineer,53109.04,no email
15,Timothy Allen,63,Male,Marketing,Specialist,30687.51,no email
16,William Martinez,41,Male,Engineering,Coordinator,118295.06,no email
17,Charlotte Hughes,27,Female,Engineering,Manager,60610.82,no email
18,Casey Alexander,55,Female,Engineering,Specialist,60729.79,no email
19,Terri Kelley,35,Female,HR,Coordinator,59477.97,no email
20,Mark Webb,50,Female,Sales,Specialist,44236.28,no email
21,Kylie Hayes,63,Male,Engineering,Analyst,101397.76,no email
22,Casey Douglas,61,Female,Engineering,Analyst,94446.89,no email
23,Joseph Butler,36,Male,HR,Coordinator,35334.38,no email
24,Amy Warren,46,Male,Finance,Manager,59338.27,no email
25,Caleb Scott,51,Female,Engineering,Engineer,119457.49,no email
26,Eric Bishop,45,Female,Marketing,Coordinator,60006.44,no email
27,Kent Gregory,36,Female,Engineering,Coordinator,60430.89,no email
28,Morgan Wright,63,Female,Marketing,Engineer,116820.24,no email
29,Ronald Koch,35,Male,Engineering,Engineer,42704.1,no email
30,Donald Barnett,22,Male,HR,Engineer,70045.14,no email
31,Jason Berger,37,Female,Marketing,Coordinator,75169.3,no email
32,Timothy Brown,27,Male,Finance,Engineer,101001.52,no email
33,Zachary Mendoza,41,Male,Engineering,Specialist,56930.51,no email
34,Benjamin James,43,Female,Finance,Specialist,92731.29,no email
35,Blake Meadows,22,Female,HR,Specialist,87825.34,no email
36,Richard Caldwell,50,Female,Sales,Engineer,53487.59,no email
37,Sheri Williams,42,Female,HR,Analyst,49945.49,no email
38,Cynthia Ray,32,Female,Engineering,Specialist,93144.59,no email
39,Larry Reed,37,Female,HR,Engineer,60842.07,no email
40,Jimmy Moreno,37,Male,HR,Manager,68818.21,no email
41,Brittany Ellis,62,Female,Marketing,Engineer,79168.97,no email
42,Christopher Martinez,33,Female,HR,Coordinator,78290.41,no email
43,Chad Nunez MD,57,Male,Engineering,Analyst,114019.08,no email
44,Jacqueline West,50,Male,Sales,Engineer,31898.57,no email
45,Nicole Gonzales,46,Male,HR,Specialist,90096.28,no email
46,Kevin Riley,64,Male,Engineering,Analyst,82842.33,no email
47,Patricia James,55,Female,Marketing,Specialist,31323.76,no email
48,Andrew Hill,56,Male,Marketing,Coordinator,36776.64,no email
49,Cynthia Sullivan,27,Female,HR,Engineer,34437.7,no email
50,David Padilla,32,Female,Finance,Manager,56098.73,no email
51,Joseph Oneal,52,Male,Engineering,Coordinator,53657.77,no email
52,Jenny Riley,36,Female,HR,Analyst,95994.54,no email
53,Anita White,34,Male,Sales,Analyst,43158.17,no email
54,Tanya Black,32,Male,Sales,Specialist,96392.66,no email
55,Kevin Evans,49,Female,Finance,Specialist,39803.26,no email
56,Laura Griffin,28,Female,HR,Specialist,43193.61,no email
57,Nicole Stewart,53,Female,Finance,Engineer,52438.15,no email
58,Ryan Chang,50,Female,Sales,Manager,65057.93,no email
59,Valerie West,57,Male,HR,Specialist,66461.08,no email
60,Terry Stone,64,Female,Engineering,Manager,34013.13,no email
61,Jesse Martinez,57,Female,Sales,Coordinator,62537.12,no email
62,Christopher Barrett,23,Male,Sales,Coordinator,67025.4,no email
63,Tracy Klein,22,Female,Sales,Specialist,48101.47,no email
64,Daniel Smith,50,Male,Marketing,Specialist,36924.81,no email
65,Joshua Gray,30,Female,Finance,Coordinator,82264.21,no email
66,James Cole,63,Female,Marketing,Specialist,46277.1,no email
67,Ernest Lambert,39,Male,Finance,Analyst,34927.62,no email
68,Cynthia Lloyd,37,Male,Engineering,Specialist,52368.83,no email
69,Matthew Villa,62,Female,Marketing,Engineer,42766.26,no email
70,Christopher Kim,27,Female,Engineering,Manager,82793.35,no email
71,Olivia Schaefer,24,Male,Marketing,Specialist,76061.85,no email
72,Frances Wright,65,Female,Engineering,Coordinator,47113.17,no email
73,Jason Rodriguez,53,Female,Marketing,Manager,46235.11,no email
74,Dustin Stevens,50,Female,Sales,Specialist,75150.76,no email
75,Kelsey Wise,42,Male,Engineering,Engineer,114143.51,no email
76,Deborah Bullock,49,Male,HR,Specialist,108959.91,no email
77,Elizabeth Moran,36,Male,Engineering,Coordinator,118839.05,no email
78,Gerald Macdonald,37,Male,Marketing,Analyst,53551.56,no email
79,Bryan English,40,Male,Sales,Specialist,113126.72,no email
80,Joanna Carroll,58,Female,Sales,Coordinator,107196.45,no email
81,Brandy Smith,51,Female,HR,Analyst,44215.46,no email
82,Emily Glenn,49,Female,HR,Engineer,112319.44,no email
83,Robert Russell,61,Female,Engineering,Analyst,39005.59,no email
84,James Castaneda,62,Female,Marketing,Analyst,111084,no email
85,Nina Schultz,32,Male,Finance,Engineer,99917.48,no email
86,Sally Carroll,56,Male,Sales,Analyst,44135,no email
87,Danielle Scott,60,Female,Engineering,Specialist,81517.21,no email
88,Emily Moore,58,Female,Marketing,Engineer,49655.05,no email
89,Michelle Moss,34,Female,Marketing,Manager,36213.6,no email
90,Robert Price,48,Female,Finance,Engineer,53371.04,no email
91,Bryan Dixon,29,Male,Finance,Manager,65266.62,no email
92,Jason Johnson,58,Male,Marketing,Coordinator,77222.76,no email
93,Mackenzie Glover,44,Female,Marketing,Coordinator,72329.58,no email
94,Dr. Michael Wade,56,Male,Marketing,Analyst,72292.84,no email
95,Christine Wilson,40,Male,Finance,Coordinator,87261.02,no email
96,Steven Freeman,39,Male,Marketing,Manager,64167.84,no email
97,Willie Moore,50,Male,Sales,Analyst,99630.39,no email
98,Trevor Archer,60,Female,Marketing,Analyst,49068.69,no email
99,Mark Williams,36,Female,HR,Coordinator,71185.12,no email
100,Ryan Scott,32,Female,HR,Engineer,43905.92,no email
101,Phillip Stephens,24,Female,HR,Specialist,97040.96,no email
102,Sara Leonard,39,Male,Sales,Coordinator,65174.04,no email
103,Lindsay Hernandez,36,Male,Engineering,Coordinator,119438.02,no email
104,Christine Castro,55,Female,Sales,Coordinator,52428.89,no email
105,Meghan Johnson,40,Male,Engineering,Analyst,95713.88,no email
106,Sarah Williams,61,Female,Sales,Coordinator,96812.62,no email
107,Mark Strong,39,Female,HR,Manager,62807.09,no email
108,Brandon Martin,50,Male,Marketing,Manager,116190.32,no email
109,Brett Rosales,52,Female,Finance,Manager,54576.95,no email
110,Brenda Small,25,Male,HR,Coordinator,63143.79,no email
111,Linda Holland,28,Female,HR,Manager,30689.17,no email
112,Robert Smith,56,Female,Engineering,Specialist,31012.2,no email
113,Theodore Rios,57,Female,Finance,Engineer,119843.71,no email
114,Michelle Nolan,25,Male,Finance,Analyst,105593.47,no email
115,Donna Scott,35,Male,Engineering,Manager,36010.85,no email
116,Christopher Howard,52,Female,HR,Manager,110491.82,no email
117,Shawn Rhodes,63,Female,Sales,Manager,103001.9,no email
118,Tyler Caldwell,27,Female,Finance,Analyst,110611.83,no email
119,Amy Jackson,40,Female,HR,Engineer,53109.88,no email
120,Sean Blake,46,Male,HR,Analyst,118926.24,no email
121,Brooke Cruz,22,Male,Finance,Manager,112071.64,no email
122,Donald Edwards,27,Male,Engineering,Analyst,34704.85,no email
123,Daniel Smith,26,Male,Finance,Manager,63033.1,no email
124,Sarah Martinez,65,Male,HR,Coordinator,69191.67,no email
125,Scott Bailey,23,Male,HR,Analyst,103236.5,no email
126,Shannon Anderson,31,Female,Sales,Coordinator,39094.13,no email
127,Toni Boyd,41,Female,Finance,Analyst,70468.83,no email
128,Heather White,55,Female,Finance,Analyst,35746.85,no email
129,Diana Ho,54,Female,HR,Coordinator,33462.07,no email
130,Amy White,46,Female,HR,Analyst,107933.97,no email
131,Dr. Catherine Trujillo DDS,51,Male,Engineering,Manager,53610.26,no email
132,Scott Evans,52,Male,HR,Manager,62120.34,no email
133,Danielle Graham,63,Female,Engineering,Coordinator,112790.83,no email
134,Dawn Stanton,38,Male,HR,Engineer,31607.79,no email
135,Kayla Jacobs,28,Female,Sales,Manager,115541.68,no email
136,Shelia West,54,Female,Sales,Analyst,40755.8,no email
137,Jeffery Sanchez,26,Male,HR,Specialist,41940.68,no email
138,Casey Howard,24,Female,Engineering,Manager,60711.66,no email
139,Gary Martinez,47,Female,HR,Engineer,115565.42,no email
140,Ryan Clayton,30,Male,Marketing,Manager,73969.51,no email
141,Heidi Blackburn,25,Female,Finance,Analyst,81872.42,no email
142,Zachary Lucas PhD,54,Male,HR,Manager,100454.45,no email
143,Melissa Wallace,49,Male,Engineering,Specialist,115247.03,no email
144,Darren Thompson,57,Female,Finance,Analyst,93866.05,no email
145,Courtney Anderson,30,Female,Marketing,Coordinator,76443.26,no email
146,Richard Brady,31,Female,Sales,Manager,100626.67,no email
147,Gregory Carpenter,46,Female,Marketing,Manager,119649.59,no email
148,Kimberly Sims,23,Female,Marketing,Coordinator,38723.77,no email
149,Andrew Wilson,48,Female,HR,Analyst,58312.5,no email
150,Erica Smith,43,Male,Engineering,Specialist,67633.19,no email
151,John Villarreal,48,Female,Engineering,Specialist,90205.85,no email
152,Jose Anderson,32,Male,Engineering,Engineer,52775.23,no email
153,Jessica Harris MD,45,Male,Engineering,Specialist,108780.1,no email
154,Kimberly Edwards,50,Female,Finance,Coordinator,94141.35,no email
155,Michelle Keith,56,Male,HR,Specialist,50889.02,no email
156,Jeffrey Greene,27,Male,Engineering,Coordinator,118439.65,no email
157,Taylor Cooper,28,Male,Sales,Analyst,42226.72,no email
158,Tracey Lopez,49,Male,Sales,Manager,49162.56,no email
159,Stacey Shah,38,Female,Sales,Analyst,85064.72,no email
160,David Burke,59,Female,Marketing,Analyst,107950.96,no email
161,Courtney Baker,30,Female,Finance,Analyst,75343.21,no email
162,Joseph Carr,40,Male,Engineering,Manager,74209.78,no email
163,Michael Payne,63,Female,Engineering,Engineer,36781.32,no email
164,Audrey Shaw,52,Female,Marketing,Coordinator,61699.67,no email
165,Stephanie Ford,28,Female,Finance,Coordinator,90046.99,no email
166,Victoria Adams,53,Female,HR,Specialist,117442.09,no email
167,Natalie Clayton,30,Female,HR,Manager,116697.24,no email
168,Ms. Kimberly Browning,50,Female,Finance,Specialist,37386.14,no email
169,Shawn Swanson,39,Male,HR,Coordinator,81231.37,no email
170,Colleen Evans,57,Female,Finance,Manager,115467.82,no email
171,Heather Cole,44,Female,Marketing,Manager,66890.12,no email
172,Dan Turner,38,Male,Finance,Specialist,57644.51,no email
173,Mr. James Stanley Jr.,57,Male,Marketing,Manager,108494.27,no email
174,Shannon Zimmerman,53,Female,Engineering,Manager,94537.43,no email
175,Katherine Roberts,44,Female,Marketing,Manager,89376.56,no email
176,George Simpson,51,Female,Engineering,Engineer,61907.57,no email
177,Kristy Ray,34,Male,Marketing,Engineer,109152.01,no email
178,Shannon Nelson,47,Female,Finance,Coordinator,74922.25,no email
179,Ryan Hernandez,39,Female,HR,Engineer,70215.85,no email
180,Angel Quinn,28,Male,Marketing,Manager,63960.61,no email
181,Jocelyn Smith MD,59,Female,Finance,Manager,72193.97,no email
182,Melissa Lozano,49,Male,Marketing,Manager,92659.84,no email
183,Richard Russo,45,Female,Sales,Manager,47956.23,no email
184,William Ruiz,34,Female,Marketing,Manager,86722.82,no email
185,Terry Shepard,65,Male,Sales,Specialist,40216.77,no email
186,Aaron Sparks,58,Female,Marketing,Engineer,45054.88,no email
187,Sandra Martin,24,Female,HR,Specialist,74834.69,no email
188,Mrs. Dana Mcdaniel,31,Female,Engineering,Coordinator,79411.77,no email
189,Terri Simmons,60,Female,Marketing,Manager,41679.27,no email
190,Gene Huber,23,Male,Sales,Coordinator,94493.29,no email
191,Sandra Young,61,Female,Finance,Analyst,33100.59,no email
192,Gary Lewis,32,Male,Sales,Specialist,32155.28,no email
193,Jared Cunningham,31,Male,Sales,Manager,40449.24,no email
194,Joshua Burke,27,Male,Finance,Coordinator,41458.61,no email
195,Keith Jones,47,Female,Marketing,Coordinator,104786.34,no email
196,Martha Brown,44,Male,Engineering,Specialist,117910.89,no email
197,Eric Ballard,40,Female,Marketing,Manager,115248.66,no email
198,Charles James,65,Male,Marketing,Coordinator,78495.77,no email
199,Robert Jones,49,Female,Marketing,Analyst,79532.56,no email
200,Samantha Watson,28,Male,Finance,Manager,49366.67,no email
201,John Mason,47,Male,Engineering,Analyst,51478.08,no email
202,Erin Daugherty,34,Male,Engineering,Specialist,43613.88,no email
203,Robert Turner,24,Female,Finance,Specialist,96507.55,no email
204,Marissa Griffin,58,Male,Engineering,Engineer,51301.42,no email
205,Allison Medina,25,Female,Marketing,Analyst,61115.04,no email
206,Corey Nielsen Jr.,22,Male,Finance,Specialist,64198.01,no email
207,Darryl Nichols,58,Male,Marketing,Coordinator,37040.18,no email
208,James Golden,34,Male,Sales,Engineer,72274.62,no email
209,Rachel Bird,47,Female,HR,Coordinator,64561.94,no email
210,Regina Lewis,51,Male,Sales,Engineer,116026.69,no email
211,Roberto Griffith,52,Female,Sales,Manager,78920.78,no email
212,Samuel Perez,48,Female,Sales,Specialist,43628.27,no email
213,Amber Rodriguez,34,Female,Sales,Engineer,51633.16,no email
214,Tracy Noble,52,Male,Engineering,Specialist,73740.81,no email
215,Paige Franco,47,Male,HR,Engineer,64458.52,no email
216,Steve Christensen,54,Male,Engineering,Engineer,82440.2,no email
217,Brandon Wilson,54,Male,Sales,Specialist,40204.13,no email
218,Michelle Phelps,46,Female,Marketing,Manager,79841.82,no email
219,Richard Todd,36,Male,Sales,Coordinator,41869.24,no email
220,Richard Cook,57,Female,HR,Specialist,75550,no email
221,Mike Baker,34,Female,Marketing,Specialist,56042.92,no email
222,Cassandra Patton,26,Female,Finance,Coordinator,80601.06,no email
223,Leah Kramer,50,Female,HR,Analyst,48987.98,no email
224,Melinda Contreras,48,Male,Finance,Specialist,99953.77,no email
225,Jenny Douglas,63,Female,HR,Coordinator,61035.98,no email
226,John Schultz,24,Male,Marketing,Manager,97502.6,no email
227,Timothy Owens,60,Female,Engineering,Engineer,49941.91,no email
228,Sean Watkins,24,Male,Engineering,Analyst,77659.14,no email
229,Robert Strong,61,Female,Marketing,Engineer,77877.99,no email
230,Roberto Thompson,24,Female,Engineering,Analyst,109595.05,no email
231,Leslie Adams,53,Male,Sales,Analyst,35953.36,no email
232,Scott Fuller,51,Male,Marketing,Coordinator,74400.53,no email
233,Christopher Meyer,43,Male,HR,Engineer,36142.44,no email
234,Sara Lopez,44,Male,Finance,Analyst,78164.64,no email
235,Tyler Mcneil,27,Male,Finance,Analyst,72138.71,no email
236,Leslie Hart,28,Male,Sales,Manager,60845.22,no email
237,Jacob Sullivan,46,Male,HR,Analyst,104018.9,no email
238,Jessica Holland,22,Male,HR,Specialist,64620.31,no email
239,Paul Jenkins,23,Female,Finance,Specialist,67652.38,no email
240,Rachel Smith,56,Female,Marketing,Engineer,30854.13,no email
241,Erin Gray,35,Female,HR,Analyst,33072.32,no email
242,Angela Prince,51,Male,Sales,Engineer,84279.79,no email
243,Micheal Richardson,56,Female,HR,Manager,96398.35,no email
244,Angel Smith,65,Female,HR,Specialist,71081.33,no email
245,Bonnie Andrews,33,Male,HR,Manager,99643.96,no email
246,Wendy Bowen,49,Male,Finance,Manager,109745.76,no email
247,Tyler Williams,56,Female,Engineering,Analyst,38504.54,no email
248,Sandra Morris,34,Male,Marketing,Analyst,115559.87,no email
249,Brittany Hawkins,23,Female,Finance,Analyst,43540.62,no email
250,Chelsea Barker,59,Female,Engineering,Specialist,69669.07,no email
251,Penny Romero,25,Female,Marketing,Coordinator,94321.78,no email
252,Mr. Todd Jones,38,Male,HR,Manager,102616.45,no email
253,James Daniels,50,Female,HR,Coordinator,74559.75,no email
254,Carl Meza,64,Female,Sales,Engineer,111131.73,no email
255,Sean Murphy,49,Female,Marketing,Engineer,39096.11,no email
256,John Smith,27,Female,Engineering,Engineer,69031.58,no email
257,Carl Rocha,47,Male,HR,Engineer,108057.67,no email
258,Emily Garcia,22,Female,HR,Coordinator,81929.72,no email
259,Crystal Hernandez,25,Male,Finance,Specialist,94170.62,no email
260,Michaela Farrell,27,Male,Engineering,Specialist,96620.29,no email
261,Natalie Ford,41,Female,Finance,Engineer,69486.09,no email
262,Susan Scott,58,Male,Finance,Analyst,34034.71,no email
263,Justin Leon,55,Female,HR,Analyst,36427.76,no email
264,Laura Ross,22,Female,Marketing,Specialist,92844.32,no email
265,Brianna Reed,60,Male,Marketing,Specialist,102726.7,no email
266,Lindsay Combs,48,Male,Engineering,Engineer,67145.79,no email
267,Carol Cooper,39,Male,Engineering,Manager,80382.75,no email
268,Heidi Ross,40,Male,Finance,Engineer,72557.45,no email
269,Eric Martinez,52,Female,Finance,Specialist,110688.41,no email
270,Matthew Hernandez,23,Male,Finance,Coordinator,92673.69,no email
271,Daniel Bradley,61,Male,Engineering,Coordinator,97537.03,no email
272,Sarah Johnson,61,Male,Marketing,Coordinator,52267.77,no email
273,Brian Garcia,35,Female,Sales,Analyst,35241.85,no email
274,John Anderson,65,Female,HR,Analyst,72498.24,no email
275,Isaac Vaughn,62,Male,HR,Specialist,65294.91,no email
276,Erin Griffin,45,Female,HR,Manager,90538.33,no email
277,Felicia Richards,62,Male,Finance,Analyst,79571.73,no email
278,Mark Peterson,54,Female,HR,Manager,79078.28,no email
279,Briana Hernandez,58,Male,Marketing,Manager,113970.46,no email
280,Kathy Novak,41,Female,HR,Analyst,67153.33,no email
281,Cheyenne Caldwell,23,Male,Engineering,Specialist,39218.36,no email
282,Heidi Thomas,58,Female,HR,Engineer,82432.56,no email
283,Nicole Lopez,25,Male,Engineering,Engineer,115581.13,no email
284,Karen Benjamin,35,Male,HR,Manager,74574.63,no email
285,John Smith,37,Male,HR,Coordinator,105656.78,no email
286,Tracey Smith,60,Male,HR,Engineer,114703.61,no email
287,Stephanie Medina,56,Female,HR,Coordinator,34448.21,no email
288,Jerry Schmidt,27,Male,Sales,Manager,73057.97,no email
289,Bruce Rios,32,Male,HR,Manager,48449.37,no email
290,Leonard Smith,22,Male,Finance,Specialist,107723.24,no email
291,Sharon Vaughn,25,Female,Marketing,Coordinator,46888.73,no email
292,Kaylee Johnston,63,Female,Finance,Manager,68114.2,no email
293,Richard Smith,43,Female,Sales,Analyst,81670.83,no email
294,Courtney Sandoval,30,Male,Engineering,Manager,83034.37,no email
295,Joshua Brooks,50,Male,HR,Specialist,108758.72,no email
296,Charles Velasquez,35,Female,Engineering,Coordinator,77741.19,no email
297,Jamie Palmer,28,Female,HR,Engineer,71365.89,no email
298,John Banks,38,Male,Finance,Specialist,43737.56,no email
299,Lisa Stout,48,Male,Sales,Specialist,40086.43,no email
300,Brenda Henderson,40,Male,Engineering,Coordinator,63357.19,no email
301,Mariah Conway,42,Male,Finance,Engineer,35972.72,no email
302,Laurie Page,50,Male,Engineering,Analyst,115954.07,no email
303,Sarah Parker,49,Male,Sales,Specialist,105075.72,no email
304,Wendy Porter,49,Male,Marketing,Manager,49237.23,no email
305,William Williams,27,Female,Sales,Engineer,51550.14,no email
306,Stanley Frey,50,Female,Sales,Coordinator,43262.42,no email
307,Debbie Tucker,65,Male,Engineering,Coordinator,76454.36,no email
308,Brittany Barber,58,Male,Engineering,Analyst,72532.43,no email
309,Joshua Clark,38,Female,Marketing,Engineer,97291.9,no email
310,Kayla Ross,65,Male,Finance,Manager,93551.64,no email
311,Karen Cook,52,Female,Sales,Engineer,112036.42,no email
312,Stephanie Ross,28,Female,Engineering,Manager,38084.81,no email
313,Katrina Wright,61,Male,Engineering,Coordinator,72802.81,no email
314,April Rogers,55,Female,Marketing,Engineer,92291.66,no email
315,David Alexander,29,Male,Finance,Analyst,74924.89,no email
316,James Henderson,58,Female,HR,Analyst,67095.98,no email
317,Amanda Wilson,45,Male,Sales,Engineer,43828.67,no email
318,Edward Townsend,48,Female,Marketing,Specialist,98453.71,no email
319,David Peterson,25,Male,Finance,Coordinator,38399.03,no email
320,Melissa Montgomery,62,Male,Sales,Manager,53165.56,no email
321,Amanda Arias,37,Female,Marketing,Coordinator,89553.47,no email
322,Kara Cooper MD,40,Female,Marketing,Engineer,33584.74,no email
323,Christine Franklin,24,Female,HR,Manager,72724.39,no email
324,Kimberly Richardson,23,Male,Sales,Manager,53192.05,no email
325,Melvin Watkins,30,Female,Engineering,Engineer,51922.38,no email
326,Teresa Patel,46,Female,Finance,Specialist,112560.98,no email
327,Benjamin Howard,55,Male,Finance,Specialist,47968.79,no email
328,Megan Palmer,60,Male,Finance,Engineer,51604.92,no email
329,Rebekah Suarez,32,Male,Marketing,Engineer,74649.06,no email
330,Charles Campbell,63,Male,Finance,Analyst,99224.53,no email
331,John Sanders,33,Female,Sales,Engineer,70372.64,no email
332,Adam Griffin,41,Male,Marketing,Specialist,57166.4,no email
333,Patrick Boyle,30,Female,HR,Analyst,107482.12,no email
334,Kevin Moore,51,Female,Finance,Specialist,95248.16,no email
335,Ruth Green,36,Female,Finance,Specialist,61757.5,no email
336,Mark Hopkins,32,Female,Finance,Analyst,69843.29,no email
337,Jared Villarreal,38,Female,Engineering,Coordinator,87833.26,no email
338,Kelly Sutton,23,Male,Finance,Manager,53127.26,no email
339,Stephen Harding,36,Female,Marketing,Manager,98259.65,no email
340,Craig Scott,42,Female,Finance,Engineer,119350.75,no email
341,Nathaniel Turner,54,Female,Engineering,Manager,66533.84,no email
342,Garrett Summers,63,Male,Engineering,Engineer,109865.54,no email
343,Eric Dean,27,Female,Sales,Engineer,118712.98,no email
344,Christine Williams,42,Male,Sales,Specialist,40412.72,no email
345,Carol Snyder,42,Female,HR,Analyst,43817.69,no email
346,Cheryl Davis,57,Male,Engineering,Specialist,49195.3,no email
347,Andrea Wood,45,Female,Sales,Specialist,106207.68,no email
348,Jason Burgess,60,Male,Sales,Specialist,108166.15,no email
349,Miranda Olsen,65,Female,Finance,Coordinator,41759.38,no email
350,Sharon Mitchell,57,Female,Engineering,Analyst,74273.97,no email
351,Jonathan Rodriguez,40,Female,Engineering,Specialist,31801.8,no email
352,Kimberly Griffith,43,Male,Sales,Coordinator,52218.57,no email
353,Natalie Bartlett,41,Female,Engineering,Analyst,46818.68,no email
354,Randall Martin,46,Female,Marketing,Engineer,32356.49,no email
355,Hannah Mahoney,62,Female,Marketing,Specialist,95558.16,no email
356,Terri Thompson,30,Male,Marketing,Manager,114912.7,no email
357,Kyle Lee,63,Male,Marketing,Specialist,37384.13,no email
358,Luis Sweeney,23,Male,Marketing,Specialist,43786.26,no email
359,Mr. Shane Flores Jr.,29,Male,Finance,Engineer,99834.24,no email
360,Jamie Manning,48,Male,HR,Coordinator,57714.88,no email
361,Jerry Ross,31,Female,HR,Coordinator,90103.35,no email
362,Sherry Jones,60,Female,Sales,Coordinator,112625.14,no email
363,Caitlin Richardson,44,Female,Marketing,Specialist,116858.89,no email
364,Nicole Peterson,45,Female,Sales,Engineer,30411.04,no email
365,Tyler Green,47,Female,Marketing,Engineer,73782.02,no email
366,Jennifer Ryan,40,Female,Marketing,Manager,109111.47,no email
367,Melissa Gutierrez,53,Female,HR,Manager,103557.83,no email
368,Kimberly Moran,58,Male,Finance,Coordinator,71782.68,no email
369,Francisco Owen,61,Female,HR,Coordinator,81781.14,no email
370,Mr. Andrew Jones Jr.,22,Female,Engineering,Manager,106460.74,no email
371,Kyle Hunter PhD,39,Male,Sales,Analyst,77908.02,no email
372,Kristy Rice,55,Female,Sales,Manager,90815.8,no email
373,Carrie Hamilton,36,Female,Marketing,Engineer,106980.92,no email
374,Samuel Smith,62,Male,Finance,Specialist,34063.4,no email
375,Jacob Reese,48,Female,Sales,Coordinator,71315.41,no email
376,Brian English,35,Male,Engineering,Analyst,51071.79,no email
377,Scott Ford,60,Female,Marketing,Engineer,89327.23,no email
378,Lisa Bowen,47,Female,Finance,Analyst,72206.32,no email
379,Dr. Jared Taylor,63,Female,Sales,Analyst,59075.59,no email
380,Christopher Phillips,45,Male,HR,Analyst,42072.47,no email
381,Kayla Barron,24,Female,Engineering,Manager,65443.42,no email
382,Christina Acevedo,42,Female,Sales,Coordinator,89510.54,no email
383,Suzanne Nguyen,50,Male,Finance,Analyst,76759.69,no email
384,Samantha Cardenas,23,Male,Engineering,Coordinator,111786.7,no email
385,Daniel Martin,56,Female,Sales,Specialist,52199.54,no email
386,Jennifer Mcdaniel,61,Male,Sales,Engineer,69976.44,no email
387,Lee Smith,62,Male,Sales,Engineer,63968.89,no email
388,Elizabeth Ward,22,Male,Marketing,Engineer,113817.04,no email
389,Nicole Miller,54,Male,Sales,Specialist,78823.06,no email
390,Lisa Hartman,62,Female,Marketing,Analyst,95184.91,no email
391,Noah Johnson,23,Female,Engineering,Manager,85394.25,no email
392,Ian Lambert,33,Male,Engineering,Analyst,87172.83,no email
393,Ralph Blair,23,Female,Marketing,Manager,103370.71,no email
394,Andrew Mosley,62,Female,HR,Manager,44813.37,no email
395,Craig Sutton,23,Female,HR,Analyst,44395.74,no email
396,Allen Diaz,59,Male,HR,Engineer,93502.72,no email
397,Amber Conley,63,Male,Marketing,Analyst,95216.45,no email
398,Christopher Carter,38,Female,Sales,Coordinator,112513.52,no email
399,Maria Roth,40,Male,Marketing,Manager,83634.24,no email
400,Crystal Smith,25,Female,Sales,Coordinator,66216.34,no email
401,Mrs. Jo Rodriguez,62,Female,Engineering,Manager,70499.3,no email
402,Sharon Craig,44,Female,Engineering,Specialist,93338.33,no email
403,Samuel Ashley,60,Male,Finance,Specialist,48164.94,no email
404,Steven Walsh,40,Male,Finance,Manager,84422.38,no email
405,Linda Turner,50,Male,Engineering,Coordinator,61903.92,no email
406,Eric Schmidt,47,Female,Sales,Engineer,52972.51,no email
407,Andrew Lang,34,Female,Engineering,Analyst,119946.58,no email
408,Penny Heath,63,Female,Finance,Analyst,67851.63,no email
409,Deborah Hunter,46,Male,HR,Engineer,83410.96,no email
410,Patricia Carter,46,Male,Sales,Analyst,112367.08,no email
411,Alvin Anderson Jr.,41,Male,Sales,Analyst,96443.63,no email
412,Brianna Anderson,33,Female,Engineering,Engineer,110828.59,no email
413,Nicholas White,33,Male,Sales,Engineer,43133.58,no email
414,Julie Lewis,54,Female,Marketing,Coordinator,97738.65,no email
415,Jessica Ellis,32,Female,Sales,Manager,54436.81,no email
416,Chelsey Ellis,23,Male,Sales,Specialist,66655.26,no email
417,Vanessa Spears,49,Male,Finance,Engineer,106270.53,no email
418,Christopher Page,41,Male,Marketing,Coordinator,94968.25,no email
419,Krista Lewis,46,Female,Sales,Manager,101859.68,no email
420,Kimberly Pham,65,Male,Sales,Analyst,46368.58,no email
421,Rachel Rodriguez,31,Female,Engineering,Coordinator,69867.27,no email
422,Kenneth Gardner,35,Female,Sales,Coordinator,50761.04,no email
423,Jordan Flowers,44,Male,Engineering,Engineer,57989.68,no email
424,Eric Robertson,47,Male,Finance,Analyst,82623.16,no email
425,Kelly Mccall,64,Female,Sales,Manager,52610.94,no email
426,Courtney Hernandez,61,Female,Engineering,Coordinator,78755.65,no email
427,Brett Beasley,42,Female,Finance,Engineer,98519.18,no email
428,Julia Carter,54,Female,Finance,Coordinator,73089.59,no email
429,Stacie Henson,27,Male,Sales,Engineer,61857.77,no email
430,Elizabeth Morgan,35,Male,Sales,Analyst,117400.08,no email
431,Susan Cunningham,62,Female,HR,Engineer,46633.31,no email
432,Rebecca Fowler,23,Male,Engineering,Coordinator,73018.55,no email
433,Christian Garcia,37,Female,Marketing,Manager,44175.61,no email
434,Ann Rodgers,40,Female,HR,Engineer,46224.74,no email
435,John Perry,30,Male,Engineering,Manager,77765.28,no email
436,Justin Fowler,43,Female,Sales,Analyst,79681.25,no email
437,Jacob Evans,55,Male,Finance,Coordinator,35848.58,no email
438,Robert Rodriguez,54,Female,HR,Manager,96658.4,no email
439,Megan Williams,52,Male,Finance,Engineer,113496.91,no email
440,Shane Patel,50,Female,HR,Engineer,90552.97,no email
441,Jessica Anderson,43,Female,Finance,Specialist,96348.99,no email
442,Jonathan Jones,64,Male,Finance,Analyst,86615.87,no email
443,Lance Brown,57,Male,Marketing,Specialist,106177.27,no email
444,Jennifer Kelly,26,Female,HR,Engineer,43147.72,no email
445,Anthony Jordan,35,Female,Finance,Specialist,117764.9,no email
446,Mandy Rojas,50,Female,HR,Specialist,64152.95,no email
447,Carolyn Robles,53,Female,HR,Manager,58129.52,no email
448,Donald Ramsey,57,Male,Engineering,Specialist,70538.01,no email
449,Brian Watts,46,Female,HR,Engineer,41406.58,no email
450,Diane Winters,28,Female,Engineering,Specialist,67755.42,no email
451,Ashley Owens,42,Female,Sales,Specialist,64873.48,no email
452,David Peterson,31,Male,Marketing,Specialist,94512.57,no email
453,Tina Barnes,28,Female,HR,Engineer,98821.91,no email
454,Barbara Elliott,65,Male,Marketing,Engineer,97622.01,no email
455,Victoria Smith,36,Male,Finance,Analyst,98397.66,no email
456,Michael Casey,63,Female,Marketing,Specialist,54051.47,no email
457,Ryan Huang,39,Male,Sales,Coordinator,73033.45,no email
458,Brooke Vang,63,Male,Sales,Analyst,40355.17,no email
459,Dana Weber,52,Male,Sales,Engineer,82005.58,no email
460,Hannah Wilson,39,Female,Sales,Specialist,74583.38,no email
461,Vanessa Hawkins,56,Female,Sales,Engineer,109911.06,no email
462,William Hardy,41,Male,HR,Manager,36420.31,no email
463,Kelly Hall,32,Female,Marketing,Coordinator,34461.61,no email
464,Mitchell Morgan,51,Male,Sales,Analyst,94823.25,no email
465,William James,65,Female,Engineering,Analyst,111003.41,no email
466,Kelly Hartman,65,Female,Finance,Manager,51357.48,no email
467,Diamond Brown,47,Female,Marketing,Analyst,64282.73,no email
468,Ashley Patrick,47,Male,Finance,Engineer,80532.33,no email
469,Alexander Smith,62,Male,HR,Engineer,68476.96,no email
470,Amanda Brooks,46,Female,Marketing,Specialist,74314.52,no email
471,Christina Hudson,47,Female,Sales,Analyst,110900.68,no email
472,Melissa Thompson,38,Female,Engineering,Analyst,95595.67,no email
473,Erica Bean,39,Male,Sales,Coordinator,62929.09,no email
474,Jennifer Mitchell,28,Male,Sales,Analyst,96792.34,no email
475,Tammy Tucker,60,Female,HR,Manager,98390.66,no email
476,Dustin Dorsey,46,Female,Finance,Manager,40604.27,no email
477,Brent Crawford,41,Male,Finance,Coordinator,118800.48,no email
478,Chelsea Gibson,65,Male,HR,Engineer,119427.07,no email
479,Laura Villanueva MD,29,Male,HR,Engineer,44389.52,no email
480,Gerald Bowman,51,Female,Sales,Analyst,112519.06,no email
481,Michael Stafford,33,Male,Sales,Manager,44609.29,no email
482,Charlotte Pierce,42,Male,Marketing,Engineer,50363.37,no email
483,Dana Gates,62,Female,Marketing,Engineer,43945.51,no email
484,Jason Le,50,Female,HR,Specialist,99965.72,no email
485,Cynthia Dickerson,23,Female,HR,Analyst,89822.92,no email
486,Jennifer May,38,Female,HR,Manager,103274.35,no email
487,Tammy Garcia,46,Male,HR,Analyst,118715,no email
488,Corey Allen,39,Female,Sales,Engineer,35475.22,no email
489,Raymond Graham,42,Female,Engineering,Specialist,119524.25,no email
490,Stephen Carpenter,32,Female,Sales,Manager,68772.78,no email
491,Heather Noble,56,Female,Engineering,Manager,45686.85,no email
492,Jacqueline Carter,50,Male,HR,Manager,94142.71,no email
493,Jennifer Spencer,43,Female,HR,Analyst,54025.65,no email
494,Ian Oliver,31,Male,Finance,Manager,102117.53,no email
495,Kimberly Haynes,65,Female,Marketing,Coordinator,85926.38,no email
496,Stephanie Ball,62,Female,Engineering,Coordinator,60029,no email
497,Edward Berg,63,Male,HR,Specialist,105477.49,no email
498,Tracey Fuentes,42,Female,Engineering,Coordinator,56147.36,no email
499,Emily Smith,60,Female,Engineering,Manager,79964.53,no email
500,Matthew May,39,Female,Marketing,Engineer,50316.92,no email
501,Guy Contreras,37,Female,Sales,Analyst,80520.22,no email
502,Robert Clark,27,Male,Engineering,Manager,84036.16,no email
503,Karen Carter,57,Female,Marketing,Manager,30042.16,no email
504,Ian Long,33,Female,Finance,Manager,104546.7,no email
505,Eric Turner,26,Female,Sales,Manager,51337.46,no email
506,Joshua Nguyen,46,Male,Marketing,Engineer,91340.14,no email
507,Glenn Wright,51,Male,Engineering,Specialist,97618.79,no email
508,Nancy Matthews,53,Male,HR,Specialist,116781.43,no email
509,Micheal Lopez,23,Male,Sales,Analyst,93755.4,no email
510,Brenda Hunt,23,Male,Sales,Manager,55256.3,no email
511,Madison Payne,64,Female,Engineering,Engineer,117805.57,no email
512,Sarah Miller,52,Male,Sales,Specialist,57930.86,no email
513,Mary Aguilar,54,Male,Finance,Engineer,71368.01,no email
514,Scott Williams,51,Male,Engineering,Analyst,100365.1,no email
515,Shawn Brown,63,Female,Finance,Analyst,40216.48,no email
516,Alexis Smith,51,Male,Engineering,Specialist,67260.91,no email
517,Stephanie Phillips,26,Female,Sales,Analyst,107735.64,no email
518,Christina Davila,61,Male,Marketing,Manager,103287.06,no email
519,Michelle Hogan,41,Male,Marketing,Engineer,90116.45,no email
520,Brandon Taylor,64,Female,Finance,Engineer,81203.77,no email
521,Megan Salinas,32,Male,Finance,Engineer,51982.32,no email
522,Emily Armstrong,53,Male,Engineering,Specialist,76256.9,no email
523,Joyce Deleon,43,Male,HR,Manager,92676.13,no email
524,Michael Andrade,61,Male,Marketing,Manager,34618.88,no email
525,Zachary Jones,37,Female,Sales,Analyst,39075.62,no email
526,Sharon Hardin,44,Male,Sales,Coordinator,57886.99,no email
527,Dustin Cuevas,44,Male,Sales,Specialist,41072.53,no email
528,Amy Mcdonald,57,Male,Finance,Analyst,91246.64,no email
529,Megan Berry,52,Female,HR,Engineer,99928.38,no email
530,Karen Miller,42,Female,HR,Specialist,53667.51,no email
531,Daniel Mendoza,41,Female,Engineering,Manager,56891.37,no email
532,Ernest Garcia,41,Male,Finance,Specialist,31092.07,no email
533,Karen Williams,49,Female,Finance,Manager,34420.59,no email
534,Brittany Allison,39,Male,Finance,Engineer,81484.41,no email
535,Vanessa Casey,22,Male,Marketing,Specialist,50430.28,no email
536,James Anderson,48,Female,Engineering,Engineer,49541.53,no email
537,Richard Smith,38,Female,Finance,Analyst,59933.7,no email
538,Kimberly Huber,30,Female,Marketing,Coordinator,33379.41,no email
539,Victoria Bishop MD,22,Female,HR,Specialist,118875.59,no email
540,Christopher Brown,44,Male,Sales,Coordinator,94163.54,no email
541,Sandra Monroe,35,Female,Engineering,Analyst,83497.15,no email
542,Tonya Davis,65,Male,Engineering,Manager,106392.35,no email
543,Lori Williams,22,Male,Marketing,Engineer,88840,no email
544,David Thomas,55,Female,Finance,Analyst,33081.8,no email
545,Gabrielle Lloyd,47,Male,Marketing,Specialist,70897.84,no email
546,Carolyn Gonzalez,49,Female,Engineering,Coordinator,109247.97,no email
547,Andrea Rogers,28,Female,Finance,Manager,38599.11,no email
548,Jeremiah Cobb,60,Male,Marketing,Manager,53479.26,no email
549,Michael Frye,47,Female,Marketing,Manager,75589.19,no email
550,Edward Castillo,53,Female,Sales,Manager,84232.46,no email
551,Kevin Woodard,40,Female,HR,Engineer,75475.69,no email
552,Brad Smith,45,Male,Finance,Manager,112777.34,no email
553,Veronica Parker,33,Male,Finance,Engineer,104712.36,no email
554,Nicole Watts,55,Female,Sales,Manager,69446.66,no email
555,Michelle Haynes,36,Female,Marketing,Coordinator,83795.56,no email
556,Erin Wilson,55,Male,Engineering,Manager,88829.68,no email
557,David Curry,32,Female,Sales,Coordinator,91315.97,no email
558,Jocelyn Cisneros,44,Female,Engineering,Engineer,56288.43,no email
559,Roy Mcintosh,24,Male,HR,Manager,58434.32,no email
560,Christopher Allen,56,Female,HR,Manager,38264.2,no email
561,Shelley Sellers,46,Female,Finance,Coordinator,34795.98,no email
562,Amy Keith,44,Male,HR,Manager,41617.42,no email
563,Molly Nichols,32,Male,HR,Analyst,75149.96,no email
564,Robert Sanders,28,Male,Sales,Engineer,111316.2,no email
565,Michael Carter,50,Male,Finance,Specialist,119832.16,no email
566,Nicholas Escobar,56,Female,Sales,Coordinator,72081.05,no email
567,Katherine Frey,57,Female,Finance,Specialist,35703.17,no email
568,Natalie Nichols,30,Male,Engineering,Analyst,73345.04,no email
569,Barbara Erickson,40,Male,Engineering,Engineer,94473.94,no email
570,Anne Johns,47,Female,Engineering,Analyst,98030.1,no email
571,Catherine Travis,45,Male,Finance,Specialist,109051.61,no email
572,Jose Murray,58,Female,HR,Analyst,63089.68,no email
573,Luke Escobar,29,Male,Marketing,Coordinator,84935.66,no email
574,Christie Freeman,35,Female,Finance,Engineer,62020.58,no email
575,Jason Tucker,63,Male,Finance,Coordinator,112996.96,no email
576,Susan Rodriguez,24,Female,Finance,Analyst,50855.64,no email
577,Arthur Sherman,25,Male,HR,Manager,105444.35,no email
578,Jennifer Rose,22,Female,Finance,Engineer,115193.39,no email
579,Matthew Jones,44,Female,Finance,Engineer,52535.5,no email
580,Amanda Ferguson,46,Female,Engineering,Specialist,35325.49,no email
581,Michele Gutierrez,45,Female,Engineering,Coordinator,91771.92,no email
582,Bryan Riley,33,Male,HR,Specialist,93469.71,no email
583,Rebecca Hicks,37,Female,Marketing,Analyst,70032.22,no email
584,Marilyn Wilcox,26,Female,Engineering,Coordinator,43418.78,no email
585,James Diaz,62,Male,Sales,Engineer,111123.21,no email
586,Kayla Pittman,29,Male,Sales,Analyst,35862.61,no email
587,Wayne Davis,63,Male,Sales,Specialist,110921.08,no email
588,Stephen Stafford,22,Male,Finance,Analyst,109942.79,no email
589,Douglas Harper,45,Female,Engineering,Manager,70289.77,no email
590,Jacqueline Stanley,36,Male,Sales,Coordinator,68689.8,no email
591,Gary Russell,57,Male,Marketing,Specialist,87785.11,no email
592,Melissa Turner,27,Female,Finance,Specialist,68546.04,no email
593,Alex Moore,48,Male,Marketing,Engineer,81477.33,no email
594,Debbie Smith,63,Female,Finance,Manager,89277.27,no email
595,William Freeman,41,Male,Finance,Analyst,56522.04,no email
596,Tina Bradford,57,Female,HR,Engineer,56080.52,no email
597,Jose Collins,28,Male,Engineering,Engineer,31639.7,no email
598,Jenna Mcgee,35,Male,Engineering,Analyst,108538.67,no email
599,Peter White,63,Female,HR,Coordinator,119258.67,no email
600,Brian Riley,59,Male,Sales,Engineer,119859.98,no email
601,David Sullivan,56,Male,HR,Coordinator,98695.21,no email
602,Donna Ross,37,Male,Sales,Specialist,86267.68,no email
603,James Patton,45,Female,Sales,Specialist,72558.49,no email
604,Michael Ray,26,Male,Marketing,Specialist,91983.26,no email
605,William Smith,26,Female,HR,Analyst,74743.92,no email
606,Gloria Case,32,Female,Sales,Analyst,64688.45,no email
607,Patrick Hawkins,40,Female,HR,Coordinator,43886.45,no email
608,Renee Edwards,61,Male,HR,Analyst,76215.92,no email
609,Renee Rodriguez,25,Female,HR,Specialist,86098.77,no email
610,Ann Kelly,53,Male,Engineering,Specialist,62901.75,no email
611,Terri Jackson,40,Male,Engineering,Manager,77134.09,no email
612,Cindy Anderson,37,Female,Sales,Coordinator,82731.53,no email
613,Adrian Smith,22,Male,Finance,Coordinator,100034.7,no email
614,Jessica Smith,31,Male,HR,Specialist,84407.12,no email
615,Jessica Higgins,52,Male,Sales,Manager,108604.53,no email
616,Pamela Banks,41,Female,Finance,Analyst,51650.74,no email
617,Cathy King,55,Female,HR,Manager,69211.44,no email
618,Pamela Gallegos,32,Male,Marketing,Analyst,57123.59,no email
619,Stephanie Leon,32,Female,HR,Manager,108685.34,no email
620,Ryan Robinson,51,Male,Sales,Analyst,59482.37,no email
621,Katherine Hill,63,Female,Engineering,Analyst,111791.93,no email
622,Zachary Day,55,Female,Engineering,Analyst,84399.82,no email
623,Jose Ortega,33,Male,Finance,Manager,41584.14,no email
624,Brittney Jones,58,Female,Engineering,Manager,80091.5,no email
625,Scott Brown,56,Male,Finance,Specialist,87244.02,no email
626,Susan Parker,45,Female,Engineering,Manager,84758.8,no email
627,Jeffery Thomas,60,Female,Finance,Coordinator,40328.84,no email
628,Jesse Taylor,47,Female,HR,Manager,71530.95,no email
629,Mrs. Tammy Warner MD,54,Female,Finance,Manager,47842.06,no email
630,Linda Hudson,34,Female,Engineering,Coordinator,110366.95,no email
631,Christopher Roach,22,Male,Finance,Manager,61224.36,no email
632,Samuel Sherman,59,Male,Marketing,Coordinator,31054.72,no email
633,Elizabeth Nichols,28,Male,Marketing,Engineer,81282.06,no email
634,Daniel Atkinson,57,Male,Marketing,Manager,119190.42,no email
635,Alyssa Levine,37,Male,Finance,Specialist,100804.31,no email
636,Tony Jordan,51,Male,Marketing,Engineer,50002.54,no email
637,David Wilson,52,Male,HR,Manager,49746.29,no email
638,William Howard,32,Male,Finance,Engineer,90369.75,no email
639,Rebecca Brown,40,Male,HR,Specialist,93938.91,no email
640,Jeffrey Ramirez,34,Male,Finance,Specialist,88313.55,no email
641,Jason Beltran,33,Female,Sales,Coordinator,85709.51,no email
642,Cole Curtis,43,Male,Sales,Specialist,110441.86,no email
643,Russell Morris,55,Female,Engineering,Coordinator,119147.26,no email
644,Sherri Hansen,28,Male,Marketing,Manager,87789.48,no email
645,Valerie Craig,45,Male,Finance,Coordinator,76074.05,no email
646,John Lester,22,Female,Marketing,Coordinator,96071.07,no email
647,Todd Patterson,56,Female,Finance,Analyst,119889.25,no email
648,Chelsea Walker,39,Female,Finance,Manager,98769.48,no email
649,Larry Torres,63,Male,Finance,Engineer,55626.61,no email
650,Taylor Lopez,50,Female,Finance,Analyst,51663.32,no email
651,Lauren Wheeler,36,Male,Sales,Coordinator,31493.62,no email
652,Robert Liu,35,Male,Engineering,Coordinator,58403.74,no email
653,Kyle Guerra,63,Male,Engineering,Engineer,47710.74,no email
654,Destiny Delgado,48,Male,Sales,Manager,114136.01,no email
655,Stephen Hill,51,Male,Marketing,Coordinator,30536.71,no email
656,Joshua Martinez,26,Male,Sales,Coordinator,49946.71,no email
657,Ashley Bush,57,Female,Finance,Engineer,110848.59,no email
658,Jessica Wilkinson,62,Female,Finance,Coordinator,107216.58,no email
659,Brandon Richardson,37,Female,Engineering,Analyst,67467.45,no email
660,Anthony Mcdaniel,52,Male,Marketing,Manager,116174.73,no email
661,Ryan Holland,23,Female,Marketing,Analyst,105164.8,no email
662,Hailey Waters,42,Female,Engineering,Analyst,80061.86,no email
663,Jason Silva,55,Female,Marketing,Specialist,61954.55,no email
664,Kevin Taylor,29,Female,Engineering,Coordinator,105498.12,no email
665,Heather Reynolds,36,Male,Marketing,Coordinator,67289.31,no email
666,Gerald Casey,63,Female,Engineering,Manager,95207.23,no email
667,Jason Miller,59,Female,HR,Analyst,101094.05,no email
668,Matthew Dennis,24,Male,Sales,Manager,66833.11,no email
669,Betty Hoover,35,Female,Sales,Manager,46153.88,no email
670,Amanda King,63,Male,Sales,Coordinator,59038.01,no email
671,Jennifer Bailey,29,Male,Finance,Analyst,96618.87,no email
672,Corey Berry,53,Male,Sales,Analyst,44479.12,no email
673,Catherine Brady,57,Female,Engineering,Specialist,53210.77,no email
674,Kevin Dunn,30,Male,Engineering,Engineer,75576.42,no email
675,Andrew Garrett,23,Male,HR,Manager,84232.83,no email
676,Taylor Jordan,61,Male,Finance,Analyst,117100.26,no email
677,Heather Farrell,39,Female,HR,Specialist,104368.4,no email
678,Jennifer Powell,49,Female,Engineering,Engineer,31358.03,no email
679,Christopher Robinson,43,Male,Engineering,Specialist,88136.93,no email
680,Ryan Conner,54,Female,Sales,Engineer,58050.94,no email
681,Aaron Diaz,27,Male,Finance,Manager,77834.9,no email
682,Amanda Thompson,33,Male,Sales,Specialist,108679.12,no email
683,Colleen Cruz,34,Female,Marketing,Analyst,99969.98,no email
684,Rebecca Owen,61,Female,Finance,Manager,56369.29,no email
685,Cynthia Middleton,59,Female,Finance,Engineer,115276.96,no email
686,Dr. Wendy Cortez,36,Female,HR,Analyst,90996.26,no email
687,Diana Foster,57,Male,Sales,Engineer,43282.74,no email
688,Patricia Hamilton,34,Male,Sales,Manager,70451.55,no email
689,Anthony Hill,53,Male,HR,Specialist,90439.91,no email
690,Sandra Thomas,48,Female,HR,Coordinator,49434.91,no email
691,Nancy Martinez,43,Female,Finance,Specialist,49711.12,no email
692,Ronnie Cooper,58,Female,Finance,Engineer,110850.66,no email
693,Donald Cunningham,55,Male,Marketing,Manager,119795.05,no email
694,Mindy Davis,44,Female,HR,Engineer,84570.14,no email
695,John Nelson,28,Male,Sales,Manager,80498,no email
696,Bryan Palmer,23,Male,Marketing,Coordinator,76478.21,no email
697,Melissa Cox,57,Male,Engineering,Analyst,45520.21,no email
698,Angela Delgado,23,Male,Marketing,Analyst,76406.72,no email
699,Gary Harris,61,Female,Finance,Coordinator,34573.41,no email
700,Melissa Frazier,41,Male,Sales,Engineer,63480.65,no email
701,Timothy Wright,65,Female,Finance,Specialist,44183.58,no email
702,Gabriella Skinner,25,Female,Sales,Coordinator,64218.14,no email
703,Christie Anderson,62,Female,HR,Specialist,64168.34,no email
704,Anthony Weiss,59,Female,Marketing,Manager,39816.84,no email
705,Gregory Chapman,42,Male,Sales,Engineer,119077.93,no email
706,Jennifer Brown,42,Female,Marketing,Analyst,102963.83,no email
707,Michelle Castro,34,Female,Sales,Specialist,51720.69,no email
708,Claudia Marshall,45,Male,Engineering,Manager,96005.99,no email
709,Brian Brooks,65,Female,HR,Engineer,57712.82,no email
710,Monique Richardson,62,Female,HR,Manager,36911.39,no email
711,Caitlin Anderson,49,Female,Finance,Manager,32404.8,no email
712,Angela Cooper,32,Female,Marketing,Engineer,52064.17,no email
713,Lori Johnson,24,Male,Marketing,Engineer,85672.57,no email
714,Kevin Parker,32,Male,Engineering,Analyst,77502.85,no email
715,Daniel Foster,22,Male,Finance,Coordinator,53654.29,no email
716,Nicole Peterson,43,Female,Marketing,Coordinator,90993.38,no email
717,Dr. Terri Fisher,65,Female,Sales,Analyst,72784.66,no email
718,Robert Hoover,39,Male,Engineering,Engineer,42469.15,no email
719,Wayne Marks,27,Male,Finance,Specialist,65994.5,no email
720,Randall Brown,52,Male,Sales,Specialist,94496.78,no email
721,Brittany Campos,43,Male,Finance,Engineer,90981.28,no email
722,Amanda Lopez,51,Male,Engineering,Engineer,84812.63,no email
723,Andrew Green,51,Male,HR,Manager,61521.57,no email
724,Kimberly Peterson,35,Male,Marketing,Coordinator,79037.03,no email
725,Veronica Gonzalez,40,Female,Finance,Specialist,96145.44,no email
726,Tammy Craig,25,Female,Marketing,Analyst,72384.01,no email
727,Robert Ramirez,27,Female,Engineering,Specialist,114098.18,no email
728,Alyssa Anthony,30,Female,Sales,Analyst,110533.54,no email
729,Matthew Sanders,62,Male,HR,Engineer,69577.29,no email
730,Jessica Blankenship,43,Male,HR,Coordinator,53411.79,no email
731,Kevin Knight,57,Female,HR,Engineer,108096.34,no email
732,Connie Brown,46,Male,Marketing,Engineer,80768.31,no email
733,Kelsey Hernandez,30,Female,Finance,Analyst,50553.13,no email
734,Corey Andrews,62,Female,HR,Analyst,111502.76,no email
735,Joseph Stevens,40,Male,Engineering,Analyst,33968.04,no email
736,Michelle Cordova,48,Female,Sales,Analyst,110740.6,no email
737,Ruth Thomas,28,Female,Marketing,Analyst,57575.48,no email
738,Alejandra Stanley,34,Female,Sales,Analyst,119401.19,no email
739,Robert Lopez,48,Male,Marketing,Coordinator,104290.97,no email
740,Sonia Lewis,44,Male,Marketing,Engineer,80640.34,no email
741,Jennifer Mitchell,48,Male,Marketing,Manager,86472.39,no email
742,Robert Calhoun,29,Female,Marketing,Manager,79854.24,no email
743,Rebecca Fields,46,Female,Engineering,Analyst,107713.42,no email
744,Cheyenne Parker,44,Male,HR,Engineer,87065.68,no email
745,Todd Trevino,40,Female,HR,Analyst,89768.9,no email
746,David Meyer,38,Male,Engineering,Analyst,57271.81,no email
747,Anthony Gomez,53,Male,HR,Coordinator,118218.69,no email
748,Sandra White,51,Female,Finance,Coordinator,51423.09,no email
749,Curtis Hall,56,Male,Finance,Analyst,40562.73,no email
750,Kara Coleman,35,Female,Finance,Analyst,60532.46,no email
751,Shannon Shepherd,39,Male,Sales,Analyst,101997.95,no email
752,Mark Butler,23,Male,Sales,Analyst,90843.28,no email
753,Jeremiah West,31,Female,Sales,Coordinator,106945.46,no email
754,Dr. Vincent Whitaker,29,Female,Finance,Engineer,47241.81,no email
755,Yvette Robinson,32,Female,HR,Analyst,111495.43,no email
756,Joanna Charles,64,Male,Engineering,Coordinator,60436.44,no email
757,Heidi Jones,59,Male,Sales,Manager,109624.71,no email
758,Mia Lowe,62,Male,HR,Analyst,119881.82,no email
759,Jason Garcia,33,Male,Sales,Engineer,90305.46,no email
760,Sarah Russell,57,Male,HR,Specialist,111148.99,no email
761,Joanna Brown,54,Female,HR,Specialist,33829.43,no email
762,Matthew Guerra,58,Female,Marketing,Engineer,82406.16,no email
763,Peter Johnson,58,Female,Finance,Coordinator,30102.08,no email
764,Lori Martinez,43,Male,Finance,Specialist,61368.11,no email
765,Rachel Navarro,46,Male,Engineering,Coordinator,100554.47,no email
766,Jeffrey Allen,38,Male,Marketing,Analyst,41198.08,no email
767,Samantha Ferguson,29,Female,Engineering,Analyst,67536.36,no email
768,Paige Johnson,40,Female,Engineering,Analyst,57993.77,no email
769,Cristina White,43,Male,Engineering,Engineer,52574.34,no email
770,Heather Lambert,41,Male,Sales,Coordinator,78145.28,no email
771,Antonio Mason,36,Male,Engineering,Manager,35283.11,no email
772,Michael Tapia,38,Female,HR,Engineer,86808.14,no email
773,Matthew Rodriguez,51,Female,Finance,Specialist,69718.11,no email
774,Kaitlyn Bartlett,31,Female,Finance,Manager,92748.71,no email
775,Logan Weaver,63,Male,Sales,Analyst,33629.65,no email
776,Catherine Wright,28,Female,HR,Engineer,82552.35,no email
777,Erika Wood,24,Male,Finance,Manager,108811.95,no email
778,Timothy James,65,Female,Marketing,Specialist,35818.21,no email
779,Laura Kane,63,Female,Finance,Coordinator,61298.46,no email
780,Gregory Martin,49,Female,Sales,Coordinator,109707.48,no email
781,David Beck,37,Female,Engineering,Specialist,47139.42,no email
782,Robert Miller,46,Female,Marketing,Manager,106862.55,no email
783,Cody Brown,29,Male,Sales,Manager,115732.7,no email
784,Mr. Ronald Arellano MD,62,Female,Finance,Coordinator,94635.77,no email
785,Jason Butler,53,Male,HR,Analyst,99084.64,no email
786,Gary Benitez DDS,53,Female,Finance,Engineer,85002.43,no email
787,Lydia Lee MD,44,Male,Marketing,Engineer,82917.16,no email
788,Lisa Lawson,22,Male,HR,Analyst,95026.72,no email
789,Anthony Hanson,59,Female,Engineering,Coordinator,46409.53,no email
790,Miranda Mcclain,55,Male,HR,Engineer,116598.54,no email
791,Brent Medina,32,Female,Sales,Specialist,85182.52,no email
792,Kyle Hansen,28,Female,HR,Engineer,111145.69,no email
793,Christine Barnett,61,Male,Engineering,Analyst,72626.74,no email
794,Ryan Nelson,36,Female,Marketing,Engineer,106454.83,no email
795,Nancy Davis,40,Female,Finance,Analyst,79323.95,no email
796,David Park,62,Female,Sales,Analyst,43017.77,no email
797,Alicia Baird MD,44,Female,Marketing,Specialist,105388.5,no email
798,Laura Smith,46,Male,Engineering,Specialist,53136.14,no email
799,Angela Cook,31,Male,Sales,Analyst,48959.22,no email
800,Michelle Moran,53,Male,Engineering,Specialist,112524.3,no email
801,Matthew Duke,26,Female,Engineering,Specialist,49317.39,no email
802,Anna Stein,55,Female,Sales,Analyst,71966.35,no email
803,Lisa Molina,56,Female,Finance,Specialist,112283.38,no email
804,Lisa Martin,22,Male,HR,Analyst,69472.7,no email
805,Ariana Pratt,47,Male,Engineering,Analyst,118353.81,no email
806,Heather Robinson,57,Male,HR,Manager,30504.09,no email
807,David Meza,28,Female,Marketing,Engineer,62862.78,no email
808,Charles Dixon,46,Female,HR,Engineer,54484.93,no email
809,Marc Carter,60,Female,HR,Specialist,43878.67,no email
810,Eric Dawson,52,Female,HR,Coordinator,94945.75,no email
811,Barry Dennis,59,Female,Sales,Specialist,55833.88,no email
812,Caroline Lee,47,Male,HR,Manager,110590.53,no email
813,Angel Wallace,42,Female,Engineering,Analyst,107792.25,no email
814,Travis Barrett,50,Female,HR,Coordinator,83362.31,no email
815,Barbara Frank,26,Male,Marketing,Analyst,38558.52,no email
816,Holly Garcia,28,Female,Finance,Analyst,83983.08,no email
817,Karen Kelly,22,Male,Engineering,Analyst,114328.44,no email
818,Rebecca Robertson,28,Male,Engineering,Coordinator,54420.22,no email
819,Donald Alvarado,26,Female,Finance,Specialist,114817.6,no email
820,Kelly Hess,47,Female,Engineering,Analyst,98194.83,no email
821,Erin Ferguson,63,Male,HR,Engineer,66402.11,no email
822,Adam Valdez,34,Male,Marketing,Manager,116574.07,no email
823,Tracy Bauer,55,Female,Finance,Engineer,32787.12,no email
824,Mrs. Linda Hartman,42,Female,Sales,Specialist,55330.37,no email
825,Christopher Patrick,28,Male,Sales,Coordinator,104068.6,no email
826,Roger Lin,60,Female,Sales,Manager,38361.68,no email
827,Jessica Butler,62,Female,Marketing,Specialist,30257.75,no email
828,Jesse Adams,27,Female,Engineering,Coordinator,78629.29,no email
829,Juan Norman,60,Female,Engineering,Analyst,77107.82,no email
830,Vickie Sanders,31,Female,Marketing,Manager,82283.05,no email
831,Daniel Morris,35,Female,Engineering,Engineer,94402.68,no email
832,Stephen Ray,23,Female,Sales,Engineer,111276.05,no email
833,Tracy Johnston,23,Male,Marketing,Engineer,119538.29,no email
834,Dawn Williams,52,Male,Sales,Specialist,58001.81,no email
835,Karen Mora,40,Male,Sales,Coordinator,85092.69,no email
836,Tina Cooper,51,Male,HR,Coordinator,98056.55,no email
837,Claire Tran,41,Male,Sales,Manager,95714.64,no email
838,Alexander Johnson,30,Male,Finance,Analyst,100663.53,no email
839,Joseph Gonzalez,44,Female,Finance,Manager,102924.28,no email
840,Brian Bruce,22,Male,Finance,Specialist,33826.08,no email
841,Peter Armstrong,44,Male,Marketing,Specialist,116512.86,no email
842,William Carter,53,Male,Sales,Engineer,92441,no email
843,Tammy Reeves,57,Male,HR,Engineer,111851.07,no email
844,Jason Mcdaniel,55,Male,Finance,Coordinator,109274.21,no email
845,Suzanne Love,63,Female,Sales,Manager,89959.39,no email
846,Robert Marsh,24,Female,Engineering,Engineer,88484.09,no email
847,Samantha Robinson,37,Male,Marketing,Specialist,70149.93,no email
848,John Gonzalez,26,Male,Sales,Manager,38756.5,no email
849,Brandi Fields,33,Male,Finance,Specialist,34076.91,no email
850,Sergio Moore,38,Female,HR,Analyst,40661.68,no email
851,Christopher Robertson,39,Male,Marketing,Analyst,54488.07,no email
852,Billy Ford,46,Male,Marketing,Manager,106523.1,no email
853,Peter Dominguez,46,Female,Engineering,Manager,37522.61,no email
854,Melissa Woods,40,Female,HR,Coordinator,85609.07,no email
855,Rhonda Curtis,58,Male,Finance,Engineer,70238.45,no email
856,Darius Smith,28,Male,Marketing,Coordinator,72561.44,no email
857,Benjamin Watts,40,Male,Finance,Manager,36660.82,no email
858,Jeffrey Taylor,46,Male,HR,Engineer,32913.62,no email
859,Amber Greene,39,Female,Finance,Manager,77038.41,no email
860,Matthew Mcguire,57,Female,Engineering,Specialist,31708.7,no email
861,Dr. Amy Mitchell,34,Male,Engineering,Analyst,71480.45,no email
862,Timothy Hernandez,53,Male,Finance,Analyst,36247.01,no email
863,John Williams,24,Male,Marketing,Analyst,62936.67,no email
864,Craig French,55,Male,HR,Manager,118686.04,no email
865,Crystal David,61,Male,Engineering,Specialist,93944.83,no email
866,Tracy Rios,51,Female,Marketing,Analyst,59893.97,no email
867,Nicholas Chang,56,Female,Sales,Analyst,103069.55,no email
868,Amanda Reid,22,Male,Marketing,Analyst,86244.38,no email
869,Kyle Lyons,22,Male,HR,Manager,96892.65,no email
870,Kenneth Neal,31,Female,Finance,Engineer,97694.27,no email
871,Joseph Lambert,36,Male,HR,Analyst,100119.75,no email
872,Elijah Hubbard,42,Male,Sales,Analyst,107176.43,no email
873,Becky Taylor,34,Male,Finance,Specialist,119819.71,no email
874,Kara Smith,35,Female,Sales,Analyst,87411.99,no email
875,Jennifer Dawson,45,Female,Engineering,Engineer,93308.87,no email
876,Jacob Martin MD,52,Male,HR,Analyst,56966.49,no email
877,Eric Johnson,33,Male,Finance,Manager,39984.07,no email
878,Kristi Porter,56,Male,Sales,Manager,113234.96,no email
879,Cindy Jenkins,57,Male,Sales,Specialist,73947.18,no email
880,Mrs. Stephanie Odom,60,Male,Finance,Manager,96870.86,no email
881,Andrew Wells,27,Female,Finance,Coordinator,84578.9,no email
882,Jody Horn,30,Female,Marketing,Manager,75422.66,no email
883,Devon Morrison,44,Female,Marketing,Specialist,83428.14,no email
884,Adam Martinez,62,Male,Sales,Coordinator,31372.1,no email
885,Jenna Phelps,60,Male,Finance,Specialist,68461.6,no email
886,Paul Harper,53,Female,Sales,Coordinator,107735.77,no email
887,Robert Reynolds,53,Male,Marketing,Specialist,50064.52,no email
888,Luis Reeves,43,Female,Sales,Analyst,55226.74,no email
889,Gregory Vega,32,Female,Marketing,Specialist,75013.55,no email
890,Anna Robinson,55,Female,Marketing,Coordinator,43162.23,no email
891,David Carlson,39,Female,Marketing,Specialist,30209.07,no email
892,Christopher Santiago,48,Female,Engineering,Specialist,61295.15,no email
893,Julie Bennett,29,Female,Finance,Specialist,117944.21,no email
894,Chris Williams,62,Male,Finance,Manager,95380.57,no email
895,Jasmine Henderson,54,Female,Marketing,Coordinator,84927.96,no email
896,Nicole Brown,28,Female,Marketing,Specialist,113882.11,no email
897,Devin Luna,31,Female,Sales,Specialist,39691.69,no email
898,Carla Lane,28,Female,Sales,Manager,116779.11,no email
899,Christina Salinas,53,Male,Sales,Engineer,41257.2,no email
900,Larry Buck,48,Female,Marketing,Engineer,33461.48,no email
901,Janet Fields,39,Female,Finance,Coordinator,85099.56,no email
902,Tony Fuller,54,Male,HR,Coordinator,85766.2,no email
903,Amanda Peters,23,Male,Marketing,Specialist,51666.42,no email
904,Michael Stevens,56,Female,Sales,Coordinator,60632.88,no email
905,Emma Williams,61,Male,Sales,Analyst,117241.52,no email
906,Shannon Calhoun,22,Male,HR,Analyst,80952.6,no email
907,Lauren Farrell,42,Female,HR,Manager,75021.54,no email
908,Thomas Delacruz,22,Female,Finance,Manager,58522.25,no email
909,Thomas York,30,Female,HR,Specialist,107026.17,no email
910,Kathleen Ramirez,28,Male,HR,Analyst,101762.41,no email
911,Kristen Spencer,59,Male,Marketing,Manager,111864.32,no email
912,Brian Stephens,35,Male,Finance,Specialist,105021.86,no email
913,John Wilson,52,Male,Marketing,Coordinator,41222.52,no email
914,Nicholas Willis,48,Female,Marketing,Coordinator,103771.02,no email
915,Ryan Barnett,65,Male,Engineering,Manager,70591.52,no email
916,Jonathon Davis,61,Female,Engineering,Analyst,117950.49,no email
917,Amanda Thompson,43,Female,Marketing,Coordinator,69437.56,no email
918,Natalie Warren,45,Female,Sales,Manager,88207.02,no email
919,Charles Jones,37,Female,HR,Coordinator,112318.35,no email
920,Gregory Davis,39,Male,Engineering,Analyst,68051.17,no email
921,Hannah Pearson,61,Male,Engineering,Coordinator,79108.3,no email
922,Elizabeth Wright,26,Male,Finance,Coordinator,48311.91,no email
923,Martin Shea,52,Male,Marketing,Engineer,112441.45,no email
924,Juan Martin,48,Male,Engineering,Coordinator,95703.49,no email
925,Kelsey Mccarty,53,Male,HR,Engineer,111796.97,no email
926,Sara Gonzalez,54,Male,Engineering,Manager,31228.92,no email
927,Melissa Dudley,51,Male,Finance,Manager,73087.37,no email
928,Nicole Castaneda,30,Female,Marketing,Engineer,112663.99,no email
929,Paul Chapman,51,Male,HR,Manager,53004.99,no email
930,Thomas Bennett,64,Female,Engineering,Manager,106602.56,no email
931,Rose Herrera,35,Male,Sales,Manager,42086.6,no email
932,Melissa Harris,57,Male,Finance,Engineer,65957.07,no email
933,Dr. Charles Best,52,Male,Finance,Manager,57412.23,no email
934,Pamela Long,35,Female,Engineering,Coordinator,105112.05,no email
935,Michelle Fox,59,Male,Sales,Engineer,55676.32,no email
936,Katherine Miller,27,Male,Finance,Manager,49358.3,no email
937,Joseph Wagner,42,Female,Marketing,Specialist,74011.08,no email
938,Jon Brown,23,Male,Finance,Coordinator,62951.25,no email
939,Kaitlyn Roth,41,Female,HR,Engineer,36910.73,no email
940,Rebecca Lewis,25,Male,Engineering,Analyst,43656.8,no email
941,Carrie Thompson,57,Female,Sales,Analyst,77677.93,no email
942,Robert Stone,59,Male,Finance,Engineer,110961.44,no email
943,Mallory Bryant,46,Male,Sales,Coordinator,64067.02,no email
944,Michael Osborne,35,Female,Engineering,Specialist,107215.11,no email
945,Craig Morales,22,Male,Finance,Engineer,92031.75,no email
946,Mark Carroll,63,Male,HR,Manager,90914.67,no email
947,Olivia Vincent,57,Male,Engineering,Specialist,96361.03,no email
948,David Murray,29,Male,HR,Coordinator,66425.61,no email
949,Robert Phillips DDS,44,Female,Engineering,Coordinator,64421.15,no email
950,Jesus Kennedy,36,Male,Engineering,Analyst,68223.2,no email
951,Anna Adams,49,Male,Finance,Manager,81746.62,no email
952,Jason Jackson,56,Female,Finance,Coordinator,69093.88,no email
953,Isaac Salazar,34,Female,Marketing,Analyst,41636.57,no email
954,Jimmy Wade,45,Male,Finance,Manager,82669.4,no email
955,Susan Davis,59,Female,HR,Coordinator,102486.47,no email
956,Jeffrey Vazquez,51,Female,Marketing,Analyst,109847.34,no email
957,Edward Dickerson,39,Female,Finance,Specialist,48417.87,no email
958,James Coleman,52,Female,Engineering,Specialist,61127.98,no email
959,Jill Davis,56,Male,HR,Specialist,88480.13,no email
960,Tyler Elliott,49,Female,Engineering,Analyst,89210.54,no email
961,Susan Mercer,30,Male,Finance,Engineer,72460.07,no email
962,Matthew Figueroa,54,Male,Marketing,Specialist,45425.36,no email
963,Amy Brooks,39,Female,Sales,Specialist,110662.72,no email
964,Jon Watkins,33,Female,Engineering,Analyst,78801.95,no email
965,Sarah Thompson,45,Female,Marketing,Analyst,64982.92,no email
966,Angela Stephenson,44,Female,Engineering,Analyst,96924.81,no email
967,Jodi Ho,52,Male,Engineering,Manager,33365.6,no email
968,James Wells,55,Male,Finance,Coordinator,65901.8,no email
969,Alicia Gray,24,Male,Sales,Manager,52177.71,no email
970,Nicole Mcintyre,64,Female,Marketing,Engineer,92928.04,no email
971,Patrick Prince,59,Male,Sales,Analyst,82237.02,no email
972,Aaron Gray,58,Male,Engineering,Engineer,72303.45,no email
973,Joshua Washington,33,Male,Sales,Analyst,85303.86,no email
974,Larry Martinez,33,Female,Engineering,Specialist,37283,no email
975,Philip Anderson,41,Male,Finance,Specialist,49117.26,no email
976,Gabrielle Davis,55,Female,Finance,Manager,110835.15,no email
977,Jessica Moyer,34,Female,Marketing,Manager,76752.35,no email
978,David Hodges,25,Female,HR,Analyst,74544.56,no email
979,Kathryn Smith,48,Male,Finance,Specialist,70027.16,no email
980,William Krause,31,Male,Engineering,Manager,48519.44,no email
981,John Cummings,22,Female,Finance,Analyst,84758.78,no email
982,Jessica Brown,34,Male,Engineering,Coordinator,100735.9,no email
983,Kirsten Scott,23,Male,HR,Coordinator,98941.29,no email
984,Denise Short,42,Female,Sales,Coordinator,85491.02,no email
985,Rachel Kelly,25,Female,Sales,Specialist,47808.37,no email
986,Gregory Cole,60,Male,Marketing,Manager,35079.15,no email
987,Cynthia Davenport,63,Male,HR,Coordinator,47436.75,no email
988,Nancy Hobbs,60,Female,HR,Manager,109938.18,no email
989,John Reed,39,Female,Sales,Coordinator,118177.87,no email
990,Jimmy Williams,44,Male,Marketing,Specialist,71059.14,no email
991,Bonnie Lewis,26,Female,HR,Analyst,89556.46,no email
992,Amanda Cooper,36,Female,Finance,Manager,94994.25,no email
993,Beth Smith,38,Female,Engineering,Analyst,46078.47,no email
994,Michael Bell,41,Female,Finance,Coordinator,77502.45,no email
995,Chad Morgan,44,Male,Marketing,Specialist,109947.03,no email
996,Diane Berry,36,Female,Sales,Specialist,41425.25,no email
997,Rebecca Preston,40,Male,Marketing,Manager,93690.38,no email
998,Michael Lawrence,54,Female,Marketing,Engineer,88498.1,no email
999,Tara Andrews,46,Male,Finance,Engineer,71372.59,no email
1000,Amy Johnson,48,Male,Finance,Coordinator,45052.54,no email
1001,Hitesh,24,Male,IT,Engineer,45500.15,no email
2,Keith Wolfe,34,Male,Engineering,Engineer,74283.31,no email
